cycle,time,phi1,Ex1,Ey1
1,5e-12,0.000000e+00,-0.000000e+00,-0.000000e+00
2,1e-11,1.657437e-02,-4.711866e-01,3.097783e-02
3,1.5e-11,2.429058e-02,-6.895462e-01,4.519696e-02
4,2e-11,1.923700e-02,-5.465958e-01,3.590323e-02
5,2.5e-11,3.960605e-03,-1.128627e-01,7.468414e-03
